{"chunk_definitions":[{"chunk_id":"ctaxmqxq88qyo","chunk_label":"Loading in","document_id":"5EE4CF2F","expansion_state":0,"options":{"engine":"r","label":"Loading in"},"row":15,"row_count":1,"visible":true},{"chunk_id":"c4e82um0ti2xg","chunk_label":"Wake County Sales","document_id":"5EE4CF2F","expansion_state":0,"options":{"engine":"r","label":"Wake County Sales"},"row":42,"row_count":1,"visible":true},{"chunk_id":"c6ddcqdzfrjsc","chunk_label":"Exercise 2","document_id":"C6D4776A","expansion_state":0,"options":{"engine":"r","label":"Exercise 2"},"row":83,"row_count":1,"visible":true},{"chunk_id":"c5q31pejz98si","chunk_label":"Exercise 3","document_id":"E93B67EB","expansion_state":0,"options":{"engine":"r","label":"Exercise 3"},"row":110,"row_count":1,"visible":true},{"chunk_id":"cbd8uvnv98z4q","chunk_label":"Exercise 4","document_id":"E93B67EB","expansion_state":0,"options":{"engine":"r","label":"Exercise 4"},"row":141,"row_count":1,"visible":true}],"chunk_rendered_width":700,"doc_write_time":1588364170}