"0","Rentals <- select(SingleFamilyResidenceRental, RegionName, State, ""2010-11"", ""2011-11"", ""2012-11"", ""2013-11"", ""2014-11"", ""2015-11"", ""2016-11"", ""2017-11"", ""2018-10"") %>%"
"0","  filter(RegionName %in% c(""Asheville"", ""Charlotte"", ""Durham"", ""Fayetteville"", ""Raleigh"", ""Wilmington""), State == ""NC"")"
"0",""
"0","Rentals <-rename(Rentals, c(City = ""RegionName"", '2010' = ""2010-11"", '2011' = ""2011-11"", '2012' = ""2012-11"", '2013' = ""2013-11"", '2014' = ""2014-11"", '2015' = ""2015-11"", '2016' = ""2016-11"", '2017' = ""2017-11"", '2018' = ""2018-10""))"
"0",""
"0","Rentals <- gather(Rentals, ""2010"", ""2011"", ""2012"", ""2013"", ""2014"", ""2015"", ""2016"", ""2017"", ""2018"", key = 'YR', value = 'ZHVI')"
"0",""
"0","ggplot(Rentals, aes(x= YR, y= ZHVI, color = City))+"
"0","  geom_point()+"
"0","  labs(title = ""Rental Costs in NC Cities"","
"0","       x= ""Year"","
"0","       y= ""Average Rental Cost"")+"
"0","  theme(axis.text.x = element_text(angle = 90, vjust=0.5))+"
"0","  scale_y_continuous(name=""Home Values (in $)"", labels = scales::comma)"
